cluster_id,representative_label,word1,word2,word3,word4,word5,word6,word7,word8,word9,word10
115760,Cluster_115760,jan,dec,oct,feb,nov,aug,mar,sept,apr,sep
115763,drain,saving,drain,drained,saver,draining,,,,,
115769,budget,budget,funds,fund,funding,financing,appropriation,,,,
115771,Cluster_115771,pursuant,ii,iii,vii,viii,xii,xiii,xiv,xvi,xvii
115774,association,association,institute,foundation,project,federation,coalition,initiative,programme,consortium,
115779,Cluster_115779,decontamination,hazmat,haz_mat,,,,,,,
115781,annual,annual,monthly,weekly,yearly,biennial,biannual,biweekly,bimonthly,,
115783,Cluster_115783,looting,plunder,plundering,pillaging,pillage,,,,,
115786,dawn,midnight,dawn,dusk,sunrise,sundown,daybreak,,,,
115788,Cluster_115788,bilateral,multilateral,trilateral,bilaterally,resolved_bilaterally,,,,,
115790,peace,peace,truce,ceasefire,disarmament,disable_yongbyon,,,,,
115794,ancestor,descendants,ancestry,ancestral,lineage,ancestor,primate_ancestors,,,,
115806,march,parade,march,carnival,procession,motorcade,,,,,
115809,Cluster_115809,clap,twirl,shimmy,cartwheel,pirouette,handstand,,,,
115812,ambassador,ambassador,embassy,diplomat,envoy,consulate,consular,undersecretary,consul,,
115814,addiction,rely,dependent,reliance,dependence,addiction,dependency,,,,
115816,imply,imply,signify,herald,harbinger,portend,foreshadow,presage,foretell,,
115820,east,north,south,southern,northern,west,east,western,eastern,northwest,northeast
115823,Cluster_115823,replicate,mimic,recreate,reconstruct,relive,,,,,
115827,adjacent,adjacent,constructed,situated,tucked,nestled,,,,,
115834,expedition,trip,traveling,journey,hiking,trek,expedition,voyage,excursion,trekking,sojourn
115838,thrive,vibrant,thrive,thriving,flourishing,cosmopolitan,,,,,
115842,Cluster_115842,rudder,spinnaker,upwind,starboard,jib,mainsail,windward,headsail,halyard,foredeck
115845,architectural,design,engineering,architectural,architecture,rtkl_associates,,,,,
115849,immigration,immigration,deportation,expel,deport,,,,,,
115853,Cluster_115853,kissing,cuddling,smooch,snogging,snog,nookie,,,,
115855,Cluster_115855,mafia,gangster,thug,mobster,gangland,hoodlum,lout,mafioso,,
115858,Cluster_115858,bankruptcy,reorganization,restructure,insolvency,reorganize,insolvent,receivership,,,
115863,fifteen,ten,hundred,thousand,twenty,twelve,thirty,eleven,fifty,fifteen,forty
115873,Cluster_115873,strangled,strangling,suffocating,strangulation,suffocation,suffocate,,,,
115876,export,export,supplier,import,imported,distributor,exporting,importing,importer,importation,wholesaler
115879,nuclear,nuclear,atomic,radioactive,plutonium,nuke,radioactivity,tritium,,,
115882,cleaning,cleaning,wash,washing,rinse,rinsing,,,,,
115890,blog,blog,twitter,tweet,,,,,,,
115893,casino,gaming,casino,gambling,betting,poker,blackjack,craps,lunkin,phil_galfond,
115896,attorney,attorney,lawyer,prosecutor,prosecution,solicitor,acquittal,,,,
115903,mistake,mistake,blunder,gaffe,miscue,bungle,,,,,
115909,Cluster_115909,centennial,bicentennial,sesquicentennial,###th_birthday_celebration,,,,,,
115913,Cluster_115913,muttering,mumbling,mutter,murmuring,snigger,,,,,
115921,famous,famous,legendary,renowned,famed,revered,,,,,
115923,correct,properly,correct,poorly,correctly,rectify,inadequately,,,,
115927,Cluster_115927,ripped,smashed,tore,tearing,smashing,ripping,,,,
115931,biography,book,novel,memoir,biography,autobiography,paperback,hardcover,tome,hardback,softcover
115934,Cluster_115934,billiards,shuffleboard,cribbage,euchre,pinochle,canasta,,,,
115936,Cluster_115936,indenture,debenture,secured_convertible_debentures,stapled_securities,warrants_exercisable,,,,,
115943,online,online,website,web,homepage,webpage,,,,,
115945,Cluster_115945,porn,obscene,pornographic,lewd,indecent,,,,,
115947,exaggerate,exaggerated,underestimate,exaggerate,overstate,overestimate,understate,unwarranted,,,
115949,accused,accused,prison,alleged,jail,allegedly,sentence,detention,jailed,sentencing,prisoner
115954,interface,functionality,reliability,interface,scalability,durability,,,,,
115961,discover,learn,teach,discover,educate,inform,uncover,,,,
115964,afternoon,friday,tuesday,monday,night,thursday,wednesday,saturday,sunday,morning,yesterday
115982,broadcast,tv,television,broadcast,aired,broadcasting,broadcaster,sportscaster,,,
115990,broadband,wireless,broadband,telephony,wifi,telco,wlan,,,,
115994,Cluster_115994,marijuana,cocaine,heroin,methamphetamine,cannabis,meth,ecstasy,amphetamine,dagga,
116002,Cluster_116002,couch,sofa,duvet,ottoman,settee,loveseat,daybed,,,
116005,Cluster_116005,ayurveda,homeopathy,homeopathic,allopathic,naturopathy,homoeopathy,,,,
116020,Cluster_116020,nietzsche,sartre,dostoevsky,baudelaire,flaubert,kierkegaard,,,,
116026,Cluster_116026,dat,lah,mah,dah,zee,bah,tay,ee',mur,hoh'
116032,Cluster_116032,jamaica,trinidad,bahamas,bermuda,jamaican,barbados,tobago,guyana,antigua,belize
116035,ancient,ancient,medieval,dinosaur,prehistoric,elizabethan,hominid,hellenistic,sauropod,pterosaur,triceratops
116041,Cluster_116041,mascara,eyeliner,moisturise,blusher,lipgloss,,,,,
116046,dilemma,dilemma,paradox,conundrum,dichotomy,dualism,,,,,
116048,currency,dollar,currency,euro,greenback,ruble,zloty,forint,manat,hryvnia,tenge
116050,gas,oil,gas,gasoline,petroleum,diesel,petrol,hydrocarbon,,,
116065,Cluster_116065,optimize,streamline,centralized,automate,centralize,,,,,
116071,apartment,apartment,bedroom,bathroom,toilet,mansion,condo,downstairs,farmhouse,bungalow,lavatory
116088,blonde,blonde,blond,slut,vixen,bimbo,skank,sexpot,skanky,minx,floozy
116091,Cluster_116091,italy,italian,palermo,bologna,brescia,,,,,
116094,Cluster_116094,turmoil,unrest,instability,upheaval,strife,,,,,
116289,Cluster_116289,destroyed,demolition,demolished,renovate,demolish,redevelop,raze,razing,,
116311,revive,revive,revitalize,reinvigorate,rejuvenate,invigorate,,,,,
116100,Cluster_116100,glitter,glistening,silvery,shimmer,iridescent,,,,,
116106,cut,cut,cutting,slashing,trimming,,,,,,
116117,Cluster_116117,windows,linux,mainframe,unix,gnome,gui,purchase_autocad,ext4,,
116129,rice,corn,rice,wheat,soybean,barley,canola,,,,
116132,rose,fell,rose,falling,slipped,dipped,slipping,,,,
116134,democracy,democracy,democratic,pluralism,autocracy,pluralist_democracy,,,,,
116142,Cluster_116142,discredit,alienate,marginalize,denigrate,besmirch,,,,,
116145,kidnap,murder,kidnapping,murdered,slaying,abduction,kidnap,murderer,rapist,pedophile,abducting
116176,brown,brown,reddish,yellowish,greenish,brownish,mottled,grayish,pinkish,whitish,purplish
116281,dress,dress,dressed,clad,turquoise,satin,blouse,sparkly,cardigan,frock,strapless
116290,clothes,clothing,clothes,apparel,jeans,underwear,footwear,trousers,sportswear,swimwear,outerwear
116163,Cluster_116163,communion,eucharist,liturgy,vespers,catechesis,triduum,,,,
116168,Cluster_116168,massage,yoga,acupuncture,reflexology,aromatherapy,shiatsu,,,,
116171,Cluster_116171,an_giang_province,mong_cai,kratie,sa_kaeo,rach_gia,ninh_thuan_province,sekong,,,
116301,Cluster_116301,boxing,boxer,kos,middleweight,welterweight,heavyweight,featherweight,puncher,bantamweight,cruiserweight
116325,Cluster_116325,pitcher,catcher,shortstop,outfielder,reliever,fielder,lefty,infielder,southpaw,righthander
116429,Cluster_116429,turnbuckle,dropkick,lariat,rana,jawbreaker,hallowicked,marty_jannetty,wristlock,enziguri,azrieal
116453,punk,punk,flair,undertaker,taker,hornswoggle,tyson_tomko,,,,
116188,diminish,enhance,strengthen,threaten,strengthening,bolster,undermine,weakening,weaken,derail,jeopardize
116198,Cluster_116198,diabetes,arthritis,adhd,epilepsy,,,,,,
116215,Cluster_116215,hee,jong,eui,jeong,kim_myung,gyun,ji_hoon,kim_heung,,
116286,Cluster_116286,china,chinese,beijing,shanghai,taipei,guangzhou,xinjiang,guangdong,sichuan,tianjin
116302,Cluster_116302,chen,yang,chang,tan,lin,ho,han,tang,chin,lam
116218,breakfast,dinner,meal,breakfast,luncheon,supper,brunch,potluck,,,
116223,Cluster_116223,soreness,tendinitis,contusion,biceps_strain,forearm_stiffness,sore_hip_flexor,dislocated_toes,elbow_contusion,,
116226,Cluster_116226,lavish,luxurious,extravagant,grandeur,sumptuous,splendor,opulent,opulence,,
116231,Cluster_116231,toronto,ottawa,montreal,vancouver,calgary,edmonton,winnipeg,halifax,regina,quebec
116234,faculty,faculty,professor,undergraduate,phd,doctorate,doctoral,,,,
116241,Cluster_116241,snobbery,snooty,pretension,snobbish,snobby,pomposity,pretentiousness,,,
116382,Cluster_116382,pediatrics,neurology,dermatology,obstetrics,obstetrician,gastroenterology,obstetric,,,
116386,dentist,doctor,dentist,psychiatrist,pediatrician,cardiologist,neurologist,gynecologist,internist,urologist,gastroenterologist
116271,friday,friday,tuesday,thursday,wednesday,monday,sunday,saturday,tomorrow,,
116292,Cluster_116292,tan_sri_khalid,g_palanivel,merotai,muhammad_muhammad_taib,backbenchers_club_chairman,,,,,
116294,Cluster_116294,pierluigi_casiraghi,kobi_kuhn,stefan_effenberg,kurt_jara,guido_buchwald,,,,,
116450,Cluster_116450,peru_luis_horna,sergio_roitman,ukrainian_alona_bondarenko,tatiana_perebiynis,veteran_fabrice_santoro,mirjana_lucic,dutchman_martin_verkerk,hungarian_melinda_czink,kazakhstan_yaroslava_shvedova,slovakian_dominika_cibulkova
116482,Cluster_116482,simon_santoso,li_jia_wei,zhu_lin,lee_tsuen_seng,ronald_susilo,ding_ning,lilyana_natsir,tan_wee_kiong,tejas_bakre,zhao_xue
116298,decrease,increased,reduce,increasing,reduced,reducing,decrease,minimize,alleviate,decreasing,increase
116304,Cluster_116304,plugin,gnome_desktop,panda_antivirus,openoffice.org_#.#.#,freetype,,,,,
116308,Cluster_116308,sociology,archaeological,archaeologist,archeology,anthropology,anthropologist,archaeology,archeological,archeologist,
116318,gay,gay,racist,racism,lesbian,homosexuality,homosexual,transgender,hateful,homophobia,transgendered
116330,Cluster_116330,limpopo,mzizi,mthokozisi,malamulele,siphesihle,,,,,
116333,Cluster_116333,thailand,malaysia,malaysian,brunei,sabah,penang,sarawak,selangor,perak,johor
116335,Cluster_116335,ty_herndon,brad_paisley_carrie_underwood,sugarland_taylor_swift,aretha_franklin_stevie_wonder,keaton_simons,blackstreet,,,,
116399,Cluster_116399,david_morland_iv,charlotte_mayorkas,nate_barbee,sara_maude_juneau,erica_moston,daphne_vines,,,,
116417,Cluster_116417,thailand_thaworn_wiratchant,branden_grace,frenchman_gregory_bourdy,spain_pablo_larrazabal,european_pga,colm_moriarty,australian_scott_hend,sweden_jarmo_sandelin,cesar_monasterio,thai_chapchai_nirat
116376,Cluster_116376,whiskey,vodka,brandy,liqueur,grappa,,,,,
116387,wine,wine,winery,vineyard,winemaker,chardonnay,winemaking,merlot,riesling,zinfandel,varietal
116347,swimming,freestyle,swimmer,discus,swimming,backstroke,breaststroke,javelin,prelims,backstroker,##m_hurdles
116366,idiot,damn,dude,shit,idiot,fucking,fuck,fella,bullshit,moron,asshole
116370,Cluster_116370,ppp_mna,syed_javed,chaudhry_zaheeruddin,mpa_syed,sadiq_umrani,naseer_bhutta,,,,
116532,Cluster_116532,preston_grasshoppers,hunslet_hawks,fenmen,melksham_town,vodkat_league,ucl_premier,hull_ionians,spennymoor_town,ipswich_wanderers,coventry_sphinx
116535,Cluster_116535,marcel_seip,darryl_flahavan,togwell,reuben_hazell,perfectly_flighted,diagouraga,scott_golbourne,thunderous_volley,simon_clist,stinging_volley
116499,Cluster_116499,chevanton,samir_handanovic,mariusz_lewandowski,sergio_almiron,erjon_bogdani,jiri_stajner,vaclav_sverkos,striker_hugo_almeida,michal_kadlec,andreas_ottl
116505,Cluster_116505,lebohang_mokoena,gert_schalkwyk,chamanga,mayambela,joseph_musonda,felix_obada,lehlohonolo_seema,thapelo_tshilo,lebogang_mothibantwa,
116391,Cluster_116391,goalkeeper,goalie,goaltender,netminder,maxime_ouellet,,,,,
116396,Cluster_116396,mohammed,ibrahim,mohammad,salah,sa'ed,wa'el,ghulan,,,
116548,sue,sarah,pat,karen,nancy,rachel,carol,anna,sue,melissa,heather
116555,mark,john,david,michael,mike,mark,robert,tom,peter,bob,matt
116498,horrible,terrible,horrible,outrageous,appalling,disgusting,dreadful,horrendous,shameful,despicable,disgraceful
116521,absurd,stupid,ridiculous,absurd,ludicrous,preposterous,nonsensical,asinine,,,
116446,Cluster_116446,saudi,jordanian,kuwaiti,qatari,bahraini,omani,,,,
116447,Cluster_116447,israeli,palestinian,hamas,gaza,syria,lebanese,hezbollah,syrian,hizbullah,
116511,Cluster_116511,nigeria,ghana,lagos,abuja,kumasi,ibadan,katsina,,,
116512,Cluster_116512,zimbabwe,uganda,tanzania,nairobi,zambia,botswana,harare,ugandan,kampala,congolese
116412,Cluster_116412,poetic,melancholy,mournful,melancholic,elegiac,,,,,
116431,Cluster_116431,aeriel_ellis,monika_dancevic,alison_silverio,anna_egorova,radka_ferancova,jo_ann_van_aerde,,,,
116435,Cluster_116435,mcnally_bharat,everest_kanto,tcs_satyam,jaiprakash_associates_-#.##,gujarat_fluorochemicals,amongst_frontliners,dlf_icici_bank,sanwaria_agro_oils,sadbhav_engg,
116438,Cluster_116438,dublin,cork,galway,limerick,eire_og,clarinbridge,kiltane,ballyhale_shamrocks,leighton_glynn,castledaly
116440,Cluster_116440,rainer_schoenfelder,kelsey_serwa,austria_kathrin_zettel,ophelie_david,guilbaut_colas,margot_boer,mellisa_hollingsworth_richards,albert_demtschenko,austria_manfred_pranger,daniel_rickardsson
116443,Cluster_116443,statin,metformin,simvastatin,allopurinol,valsartan,spironolactone,,,,
116455,Cluster_116455,os_#.#.#,iphonia,redsn0w_#.#.#,unlock_iphone_3g,barcode_scanning,#.#.#_jailbreak,,,,
116466,Cluster_116466,rowdy_hardy,cliff_springston,hunter_scantling,chance_sossamon,chad_girodo,,,,,
116537,Cluster_116537,huia_edmonds,richardt_strauss,jp_joubert,sam_pinder,james_scaysbrook,wp_nel,ben_broster,hayden_hopgood,jaco_taute,jonny_faamatuainu
116550,Cluster_116550,jordan_tansey,sam_obst,karl_pryce,simon_finnigan,jamie_thackray,semi_tadulala,nick_scruton,kylie_leuluai,ned_catic,worrincy
116542,Cluster_116542,beautifully,brilliantly,wonderfully,amazingly,superbly,cleverly,expertly,deftly,skillfully,delightfully
116561,extremely,very,extremely,incredibly,extraordinarily,unbelievably,exceedingly,,,,
116534,amazing,great,amazing,wonderful,tremendous,fantastic,incredible,terrific,superb,unbelievable,lovely
116489,Cluster_116489,pyrexia,asthenia,myalgia,leukopenia,nausea_vomiting,gastrointestinal_disturbances,myalgia_arthralgia,chemotherapy_induced,vomiting_diarrhea,
116503,Cluster_116503,3x_optical_zoom_lens,ex_s###,megapixel_ccd,dsc_w###,canon_zr###,x_optical_zoom,4x_optical_zoom,olympus_evolt_e,hx9v,
116506,Cluster_116506,hdmi_connectors,dvi_input,dell_####wfp,inch_widescreen,t###hd,,,,,
116565,Cluster_116565,potato_salad_baked_beans,baked_beans_cole_slaw,beans_cornbread,chili_cornbread,homemade_cakes,,,,,
116566,Cluster_116566,vinaigrette,sauteed,barbecued,red_bell_pepper,onions_celery,pumpkin_pie_spice,goat_cheese_salad,asiago_cheese,gradually_whisk,tomato_chutney
116570,Cluster_116570,pesto,ravioli,polenta,ricotta,gnocchi,aioli,mascarpone,,,
116575,Cluster_116575,basil,parsley,rosemary,thyme,fennel,tarragon,marjoram,,,
116538,Cluster_116538,nasdaq_aria,prnewswire_firstcall_amylin_pharmaceuticals,urigen_pharmaceuticals_inc.,inc._nasdaq_medx,nasdaq_kerx,prnewswire_firstcall_onyx_pharmaceuticals,nasdaq_pcyc,prnewswire_firstcall_aeterna_zentaris,prnewswire_firstcall_monogram_biosciences,
116544,Cluster_116544,net_interest_income_after,-------_---------------------_net,----------_-----------------------------------------------_adjusted,----------_------------------------------_income,--------------_loss,benefit_provision,-----------------------------------------------_income,----------_---------_net,---------------------------------------_loss,----------------------------------------------------------_forma
116551,grandmother,woman,teenager,pensioner,motorist,schoolboy,heartbroken,grandmother,widow,,
116558,Cluster_116558,gautam_gambhir_yuvraj_singh,sri_lanka_marvan_atapattu,lasith_malinga_dilhara_fernando,shoaib_malik_shahid_afridi,matthew_hayden_phil_jaques,,,,,
116563,Cluster_116563,diaz,reyes,chavez,ricardo,paolo,alfredo,,,,
116573,Cluster_116573,drug_resistant,quitting_smoking,holds_promise,develop_novel,lower_blood_pressure,arthritis_drug,osteoporosis_drug,get_flu_shots,shows_promising,lung_cancer_drug
116576,Cluster_116576,probable_wr,buffalo_bills,cleveland_browns,tennessee_titans,signed_lb,cleveland_browns_signed,probable_c,kansas_city_chiefs_signed,wr_az_zahir_hakim,de_igor_olshansky
116586,Cluster_116586,trade_deficit_widens,down_sharply,lowest_level_since,currencies_dollar,is_little_changed,less_than_forecast,holds_near,spending_rises,investors_await,remains_unchanged
116591,calculation,subsidiaries_consolidated_statements,operations_unaudited_three_months,retained_earnings,condensed_consolidated,financial_and_operational,statements_of_operations_amounts,inc._consolidated_statement_of,calculation,ebitda_reconciliation,unaudited_in_thousands
116596,mark,john,david,michael,mark,james,robert,peter,andrew,daniel,stephen
116601,Cluster_116601,reaffirms_guidance,4q_profits,completes_tender_offer,posts_smaller,4q_profit_surges,reaffirms_fy##_eps,sees_2q,evp_exercises_options,q1_profit_soars,q4_profit_soars
116604,Cluster_116604,kennix_chim,bijoy_koyitty,firouz_sedarat,robert_melnbardis,gyles_beckford,karen_lema,dina_kyriakidou,thierry_leveque,nick_vinocur,emmanuel_jarry
116612,Cluster_116612,james_loewenstein,solochek@sptimes.com,jjardine@modbee.com,mike_copper,fsawyer@freedomenc.com,icropp@vaildaily.com,bailey@globe.com,tcaprood@troyrecord.com,fmaglione@newbritainherald.com,soppat@annarbornews.com
116614,Cluster_116614,by_stephen_thompson,by_bill_ward,by_karen_youso,by_jackie_crosby,by_maura_lerner,david_la_vaque,by_tom_horgen,by_christine_robinson,by_katherine_kersten,josephine_marcotty_star
116617,Cluster_116617,www.lapena.org,www.hultcenter.org,anthologysd.com,by_fredric_koeppel,www.swansonsnursery.com,www.magiccitymusichall.com,jmcclelland@coxohio.com,visit_http://www.cardiacscience.com,browardcenter.org,palacasino.com_entertainment
116620,Cluster_116620,anticipation,quits,handed,herein,snub,relishing,by_joel,before_making_any_voting,drogba,pleased_with
116628,Cluster_116628,oniookamialfador,tsigili,jaguar###,conal_andrews,jimbom###,holbrook_mohr_##.##.##_##:##,amusicsite,jessiethe3rd,aocguy,pragmatist1
116631,Cluster_116631,by_jaime_marine,by_rebecca_vesely,tom_ayres_comics,martin_c._bricketto,by_erik_boal,by_barbara_arrigoni,sam_amick_bee,by_ben_szobody,heather_mccarron,by_vincent_bonsignore
116636,Cluster_116636,gary_hawkins,rhett_bollinger_mlb.com,jeanette_goldman,dan_martin,pbn_staff,amy_calder,lim_teik_huat,marcela_creps_###-####_mcreps@heraldt.com,dewayne_patterson,bob_nightengale_usa_today
116638,Cluster_116638,keith_bradsher,nick_bunkley,eric_dash,campbell_robertson,john_markoff,alice_gomstyn,steven_walters,james_glanz,jane_perlez,douglas_montero
116635,Cluster_116635,gregory_katz,kelly_p._kissel,david_rising,clare_trapasso,brett_zongker,frederic_j._frommer,jim_davenport,alex_kennedy,karen_matthews,max_delany
116637,Cluster_116637,by_dale_gavlak,by_george_merritt,by_mike_colias,by_jorge_sainz,by_jari_tanner,by_gillian_gaynair,by_jean_ortiz,by_jennifer_coleman,by_gregg_aamot,by_pita_ligaiula
116627,Cluster_116627,photo_julie_jacobson,photo_hassan_ammar,photo_matthias_schrader,photo_ivan_sekretarev,photo_markus_schreiber,,,,,
116625,Cluster_116625,evan_agostini_file,ric_feld,marco_ugarte,ricardo_arduengo,juan_karita,gary_kazanjian,karel_navarro,darren_abate,hector_mata,denis_poroy_file
116630,Cluster_116630,by_scott_goldstein,by_ian_mccann,by_kim_horner,dan_x._mcgraw,by_david_flick,by_david_hinojosa,by_kristy_chu,by_ed_bark,steve_mcgonigle,
116619,Cluster_116619,information_visit_www.nationwide.com,visit_www.verizonbusiness.com,information_visit_www.discoverfinancial.com,please_visit_www.openwave.com,visit_www.sgi.com,please_visit_www.mwv.com,information_visit_www.averydennison.com,visit_www.cpk.com,visit_www.spectraenergy.com,information_visit_http://www.advancedcell.com
116610,Cluster_116610,tdelias@aol.com,bwood@starbulletin.com,jlaksin@gmail.com,gpolicinski@fac.org,nick_cammuso,msmith@cnc.com,,,,
116608,Cluster_116608,lorraine_woellert,patricia_kuo,whitney_mcferron,chris_dolmetsch,nichola_saminather,kae_inoue,naomi_kresge,,,
116606,Cluster_116606,writer_robert_jablon,writer_dina_cappiello,writer_solvej_schou,writer_suzan_fraser,writer_christopher_bodeen,writer_monika_scislowska,writer_kevin_freking,writer_mark_scolforo,writer_derek_gatopoulos,writer_mike_cidoni
116599,Cluster_116599,tiene,nuevos,todas_las,importantes,como_una,incluye,,,,
116595,Cluster_116595,diluted,============================================_basic,================================================_net,===========================_diluted,net_loss_per_common,==============================================_diluted,================================================_basic,===============================_diluted,common_share_basic,===================================_earnings
116593,Cluster_116593,fatal_hit,fire_destroys_home,meth_bust,pedestrian_hit,store_robbery,purse_snatcher,police_investigate_possible,suspect_identified,attempts_suicide,slay_suspect
116594,Cluster_116594,decry,judge_throws_out,hits_snag,raises_concern,stands_firm,feds_probe,lawsuit_settled,rejects_calls,pressure_builds,showdown_looms
116583,Cluster_116583,======================_liabilities_and_stockholders,equity_current_liabilities,--------------------_total_liabilities,"##,###,###_========================_liabilities_and",------------_total_assets,,,,,
116581,Cluster_116581,s.drew,heller_a.,mosch,gaillard_p.,bohannan_ri,,,,,
116572,Cluster_116572,luis_bolivar,beau_torbert,nate_tenbrink,ernesto_mejia,chairon_isenia,,,,,
116556,fifth,second,third,fifth,seventh,eighth,,,,,
116557,Cluster_116557,sind,wurde,eines,über_die,soll,heute,wenn,ist_ein,dann,und_das
116533,Cluster_116533,clivio_piccione,dirk_müller,alex_debon,jolyon_palmer,toni_vilander,vitaphone_maserati,jean_denis_deletraz,,,
116554,Cluster_116554,dato_paduka_hj,haji_mohd,pehin_dato_haji_awang,mohd_yassin,dato_seri_setia_hj,yb_pehin_orang_kaya,,,,
116524,Cluster_116524,l_tuqiri,j_lewsey,london_irish,g_chuter_leicester,youngs_leicester,j_bonnaire,so'sullivan,po'connor,###a_###x#,to'leary
116513,Cluster_116513,enos,hedgehog_signaling,antiapoptotic,hypothalamic_pituitary,oncogenic,,,,,
116507,Cluster_116507,matt_taormina,oystrick,andrew_joudrey,mike_radja,tj_trevelyan,kyle_greentree,jani_rita,chad_painchaud,justin_dibenedetto,aaron_schneekloth
116496,Cluster_116496,###gb_sata_hard,sata_3gb_s,s###i,nc####,msi_x###,pentium_dual_core,sd_mmc_slot,ram_###gb_hdd,amcc_powerpc,ata###
116497,Cluster_116497,dopamine,serotonin,neurotransmitter,glutamate,norepinephrine,acetylcholine,,,,
116515,Cluster_116515,bailey_corey,p#t##_##:##_turnovr,kristi_brummel_##:##,davis_kaleia,dale_jasmine,hannah_rashawn,jovon_mosley,geriot_dan,parkes_brad,mays_keddric
116546,assist,layup,jumper,foul,assist,steal,p#t#_missed_jumper,,,,
116460,anyway,but,and,so,however,while,even,then,despite,meanwhile,maybe
116458,frequently,often,usually,sometimes,frequently,rarely,normally,typically,generally,occasionally,
116430,Cluster_116430,sulphide,porphyry,pyrite,breccia,chalcopyrite,footwall,sedimentary,stratigraphy,pegmatite,pyrrhotite
116461,Cluster_116461,ganesh,ramachandra,sureshkumar,muralikrishna,nageshwara_rao,madhusudhan_reddy,,,,
116517,Cluster_116517,ang,ni,nga,kami,nina,nung,bahut,lagi,tapos,sa_amin
116523,Cluster_116523,raviteja,mani_ratnam_guru,rakht,balu_mahendra,varun_sandesh,andaz_apna_apna,blessy,fareb,shraddha_das,evv_satyanarayana
116477,Cluster_116477,sanchit,moti_lal,vijaylakshmi,kinjal,haribhau,,,,,
116475,Cluster_116475,kr_puram,malakpet,mandya_district,ambala_cantonment,neemuch,phulwari,badwani,narayanguda,mahendergarh,shamirpet
116495,Cluster_116495,mahottari,mahendranagar,kalikot,sindhupalchowk,dhading_district,jhargram_sub_division,kanchanpur_district,,,
116549,Cluster_116549,mumbai,chennai,hyderabad,kolkata,lucknow,,,,,
116560,Cluster_116560,mumbai,bangalore,chennai,hyderabad,kolkata,lucknow,mysore,,,
116540,Cluster_116540,gujarat,maharashtra,karnataka,bihar,assam,orissa,,,,
116487,Cluster_116487,manny_adako,ryan_evanochko,alex_vander_baan,natalie_berglin,dartaye_ruffin,laura_menty,chineze_nwagbo,katelyn_linney,talisha_barlow,
116491,Cluster_116491,jontae_sherrod,noah_dahlman_scored,marvett_mcdonald,josh_bedwell,darrion_griffin,trent_blakley,jt_sulton,greg_dilligard,corey_godzinski,josimar_ayarza
116454,melody,orchestra,mozart,melody,symphony,lyrical,beethoven,melodic,choral,rhythmic,orchestral
116463,artist,artist,painter,sculptor,watercolor,printmaker,watercolorist,ceramicist,,,
116582,guitar,guitar,pianist,violin,violinist,cello,soloist,saxophone,clarinet,harmonica,saxophonist
116584,Cluster_116584,guitarist,drummer,bassist,vocalist,keyboardist,,,,,
116470,Cluster_116470,likable,affable,personable,jovial,amiable,gregarious,genial,,,
116442,gene,protein,genetic,gene,enzyme,molecule,receptor,peptide,cysteine,,
116419,funny,funny,hilarious,quirky,humorous,witty,goofy,zany,kooky,sardonic,
116500,Cluster_116500,hindi,bengali,kannada,telugu,marathi,oriya,,,,
116448,Cluster_116448,islamabad,karachi,lahore,peshawar,dhaka,rawalpindi,faisalabad,,,
116484,Cluster_116484,nairobi,harare,khartoum,kinshasa,dakar,abidjan,lusaka,luanda,bujumbura,kigali
116492,Cluster_116492,australian,sydney,melbourne,queensland,nsw,brisbane,perth,adelaide,canberra,tasmanian
116525,Cluster_116525,beijing,tokyo,singapore,sydney,melbourne,,,,,
116526,Cluster_116526,london,paris,berlin,dubai,brussels,doha,kuwait,riyadh,manama,
116514,Cluster_116514,kiev,bishkek,tbilisi,baku,chisinau,,,,,
116518,Cluster_116518,chicago,atlanta,detroit,philadelphia,miami,denver,dallas,indianapolis,phoenix,pittsburgh
116543,Cluster_116543,helena,olympia,boise,cheyenne,billings,spokane,yakima,,,
116468,Cluster_116468,greenville,fayetteville,greensboro,lubbock,asheville,waco,amarillo,abilene,lynchburg,texarkana
116472,Cluster_116472,tulsa,wichita,muskogee,neosho,bartlesville,mcalester,,,,
116404,Cluster_116404,shrub,dogwood,hydrangea,clematis,camellia,amaryllis,hosta,coleus,phlox,dahlia
116411,Cluster_116411,melodramatic,sappy,cliched,hackneyed,cloying,saccharine,maudlin,mawkish,treacly,
116394,Cluster_116394,hippocampus,neuron,neuronal,cortex,cortical,cerebellum,prefrontal,midbrain,,
116393,Cluster_116393,testament,mastodon,trivium,behemoth,evanescence,nevermore,deicide,paradise_lost,malevolent_creation,kingdom_of_sorrow
116395,Cluster_116395,spokane,boise,billings,missoula,yakima,pocatello,flathead,,,
116380,cancer,cancer,neuroblastoma,carcinoma,sarcoma,rhabdomyosarcoma,,,,,
116567,Cluster_116567,moscow,ukraine,azerbaijan,ukrainian,kazakhstan,armenia,tbilisi,kiev,azerbaijani,belarusian
116571,Cluster_116571,polish,czech,hungarian,romanian,slovak,slovenian,,,,
116383,Cluster_116383,cialis,viagra,valium,levitra,xanax,soma,prozac,clomid,zoloft,zithromax
116373,Cluster_116373,modernism,impressionistic,expressionist,surrealism,impressionism,cubism,expressionism,,,
116368,Cluster_116368,leeds,sunderland,yorkshire,somerset,stoke,blackpool,swansea,lancashire,hampshire,pompey
116365,eight,two,three,four,some,five,six,seven,almost,nine,eight
116355,Cluster_116355,ohio,indiana,cincinnati,akron,peoria,rockford,evansville,owensboro,,
116346,Cluster_116346,adolphus_wabara,governor_orji_uzor_kalu,oteng,abubakari,enwerem,pdp_governorship_candidate,alhaji_dauda,osei_tutu,balarabe_musa,chief_onyema_ugochukwu
116351,Cluster_116351,sotik,kapenguria,kyenjojo,rakai_district,mpigi_district,ahafo_ano_north,kabula,ol_kalou,cherangany,mbooni
116344,aunt,wife,son,mother,father,daughter,husband,brother,sister,dad,mom
116328,car,car,vehicle,truck,suv,sedan,minivan,coupe,hatchback,roadster,cabriolet
116349,congratulate,pleased,excited,proud,disappointed,thank,delighted,glad,thrilled,grateful,congratulate
116353,angry,surprised,worried,angry,shocked,frustrated,scared,confused,stunned,unhappy,embarrassed
116358,reluctant,reluctant,unwilling,reluctance,hesitant,unwillingness,loath,,,,
116329,Cluster_116329,james,david,england,michael,paul,george,johnson,jackson,jason,andrew
116342,Cluster_116342,india,america,europe,texas,michigan,utah,indiana,missouri,,
116323,professor,professor,scientist,researcher,biologist,physicist,sociologist,astronomer,ecologist,geneticist,astrophysicist
116307,bacteria,bacteria,insect,fungus,bacterial,organism,bacterium,pathogen,fungi,microbe,aphid
116313,Cluster_116313,dangane,ireneo,hermogenes,magtanggol_gatdula,cabigas,unabia,gabuya,edcel,catindig,
116324,Cluster_116324,jurassic,cretaceous,triassic,miocene,devonian,eocene,precambrian,mesozoic,ordovician,proterozoic
116320,flu,flu,malaria,influenza,measles,mumps,pertussis,chickenpox,salmonellosis,cryptosporidiosis,
116278,Cluster_116278,selfish,arrogant,arrogance,greedy,hypocrisy,incompetence,stupidity,cocky,absurdity,hubris
116285,Cluster_116285,vaccine,vaccination,vaccinated,immunization,vaccinate,,,,,
116279,god,god,bible,biblical,theology,theological,scripture,psalms,scriptural,deuteronomy,galatians
116359,capitalism,socialist,capitalism,leftist,socialism,communism,capitalist,authoritarian,conservatism,marxist,fascist
116375,extremist,terrorist,islamic,islamist,extremist,extremism,jihadist,jihadi,,,
116390,let,let,lashkar,huji,jaish,jem,harkat_ul_ansar,,,,
116310,Cluster_116310,jewish,christianity,rabbi,judaism,torah,yeshiva,talmud,rabbinical,rabbinic,midrash
116288,columnist,writer,reporter,journalist,columnist,filmmaker,poet,poem,screenplay,playwright,novelist
116352,Cluster_116352,ontario_krista_mccarville,ferbey_rink,brian_rafuse,al_hackner,ted_appelman,,,,,
116255,Cluster_116255,insulting,disrespectful,derogatory,vulgar,demeaning,,,,,
116312,battle,battle,dispute,showdown,brawl,altercation,spat,scuffle,bickering,tussle,discord
116508,anger,anger,frustration,discontent,dissatisfaction,unhappiness,disenchantment,discontentment,,,
116516,controversy,controversy,outrage,uproar,furor,brouhaha,,,,,
116317,bicycle,motorcycle,bicycle,scooter,motorbike,skateboard,,,,,
116339,ski,ski,skiing,skier,snowboarding,snowboard,,,,,
116263,Cluster_116263,mexican,argentina,brazilian,venezuela,portugal,colombia,chile,peru,venezuelan,argentine
116291,Cluster_116291,sanchez,reyes,rivera,diaz,santiago,jimenez,vargas,ortega,fuentes,rosales
116260,Cluster_116260,galaxy,cosmic,comet,supernova,galactic,nebula,quasar,planetary_nebulae,metallicity,galactic_disk
116245,Cluster_116245,capacitance,actuator,impedance,inductor,inductance,potentiometer,impedance_matching,reed_switches,handwheel,
116287,dull,grim,bleak,dull,gloomy,tedious,arduous,dreary,glum,monotonous,
116378,Cluster_116378,jed_adcock,kade_simpson,luke_ablett,kieren_jack,scott_gumbleton,jarrod_harbrow,courtenay_dempsey,jason_cloke,cale_morton,kris_massie
116248,agricultural,meat,agriculture,agricultural,cattle,farming,livestock,sheep,cows,lamb,horticulture
116268,Cluster_116268,tokyo,korean,seoul,yokohama,nagoya,fukuoka,,,,
116237,Cluster_116237,coating,polymer,adhesive,substrate,polyester,ethylene,polyethylene,polypropylene,sealant,nanotube
116266,bird,bird,squirrel,waterfowl,robin,wigeons,red_tailed_hawks,white_breasted_nuthatch,,,
116357,Cluster_116357,deer,wolf,elk,moose,coyote,cougar,bobcat,,,
116240,Cluster_116240,mabinay,surallah,m'lang,basay,floridablanca,maragusan,baao,,,
116265,analysis,update,editorial,analysis,interview,preview,roundup,column,corrected,feature,commentary
116275,Cluster_116275,petitioner,appellant,defendant,plaintiff,respondent,petitioner_counsel,defendant_asserts,,,
116356,Cluster_116356,justice_vijender_jain,justice_ss_nijjar,justice_ar_lakshmanan,justice_ruma_pal,ts_thakur,vs_sirpurkar,rc_jain,justice_pradeep_nandrajog,sardar_mohammad_aslam,ashutosh_kumbhakoni
116213,ankle,shoulder,knee,ankle,hip,wrist,elbow,hamstring,groin,calf,thigh
116212,rain,rain,snow,warm,sunny,rainfall,warmer,chilly,precipitation,snowfall,windy
116214,cafe,store,restaurant,pub,supermarket,cafe,grill,barbecue,bakery,lounge,pizza
116264,Cluster_116264,уου_аrе,јυѕt,tοο,tο,wе,deals_аrе,tο_hаνе,itѕ,аn_ԁ_οthеr,hοwеνеr
116259,Cluster_116259,unparalleled,unmatched,unrivaled,unsurpassed,incomparable,unequaled,unparallel,,,
116207,bridge,bridge,highway,intersection,interstate,roadway,freeway,southbound,northbound,westbound,eastbound
116385,eight,two,three,four,five,six,several,seven,eight,nine,various
116622,eighty,twenty,forty,fifty,sixty,seventy,eighty,,,,
116623,eighteen,fifteen,thirteen,fourteen,sixteen,eighteen,,,,,
116204,Cluster_116204,libya,libyan,tripoli,gaddafi,qaddafi,qadhafi,khadafy,qadaffi,muammar_qadhafi,el_qaddafi
116256,fish,fish,fishing,salmon,seafood,shrimp,whale,trout,tuna,lobster,fishery
116276,frog,snake,frog,reptile,lizard,mammal,critter,,,,
116216,meditation,yoga,meditation,spirituality,mystical,metaphysical,mysticism,metaphysics,,,
116173,Cluster_116173,maryam_yusuf_jamal,ebuya,geraldine_pillay,champion_janeth_jepkosgei,tuwei,nancy_langat,ndeti,pamela_chepchumba,edwin_cheruiyot_soi,cheboror
116175,cat,dog,pet,cat,puppy,kitten,pup,feline,pooch,poodle,terrier
116183,Cluster_116183,burly,lanky,chubby,bespectacled,dapper,wiry,scrawny,gangly,pudgy,rotund
116157,Cluster_116157,grumpy,cranky,cantankerous,irascible,curmudgeon,curmudgeonly,crotchety,,,
116197,courage,courage,athleticism,toughness,bravery,quickness,perseverance,tenacity,heroism,fortitude,gumption
116211,Cluster_116211,dogma,dogmatic,rationalism,dogmatism,empiricism,rationalistic,subjectivism,,,
116185,Cluster_116185,passover,hanukkah,purim,chanukah,challah,hanukah,hannukah,,,
116194,Cluster_116194,picturesque,tranquil,serenity,bucolic,verdant,,,,,
116160,Cluster_116160,afrikaans,xhosa,kiswahili,setswana,luganda,tswana,sotho,isixhosa,,
116182,bishop,church,pope,pastor,priest,parish,bishop,diocese,archbishop,archdiocese,pontiff
116141,photo,photo,photographer,photography,,,,,,,
116137,Cluster_116137,karate,gymnast,gymnastics,judo,taekwondo,aikido,jujitsu,,,
116177,Cluster_116177,typhoon,typhoon_chanchu,typhoon_aere,fung_wong,tropical_cyclone_nargis,typhoon_ketsana,,,,
116127,Cluster_116127,wooded,woodland,grassland,heathland,bracken,,,,,
116150,considerably,slightly,significantly,somewhat,dramatically,substantially,steadily,considerably,drastically,markedly,tad
116147,Cluster_116147,gazexport,ukrsotsbank,unicredit_crdi.mi,bank_pekao_sa,bank_nyrt,ukrtatnafta,,,,
116166,Cluster_116166,anime,manga,shojo,fruits_basket,samurai_champloo,azumanga_daioh,,,,
116167,Cluster_116167,demigod,outrun,alien_hominid,bubble_bobble,pixeljunk,ultimate_mortal_kombat,tri_ace,twin_snakes,space_empires,tactics_ogre
116148,Cluster_116148,extravaganza,howl_o_ween,boo_bash,adoptathon,adopt_thon,,,,,
116116,Cluster_116116,westward,northward,eastward,southward,southerly,northerly,westerly,northwards,eastwards,easterly
116109,mechanic,mechanic,electrician,carpenter,welder,craftsman,machinist,roofer,woodworker,plasterer,
116113,Cluster_116113,quilt,sewing,knitting,sew,embroidery,quilting,woodworking,crochet,crocheting,needlework
116138,congressional,senate,governor,lawmakers,democrat,legislature,legislative,congressional,senator,lawmaker,congressman
116159,boat,military,boat,vessel,sailing,naval,yacht,canoe,warship,sailboat,catamaran
116190,lake,river,lake,waterfront,creek,shoreline,marina,pier,waterway,jetty,wharf
116099,Cluster_116099,hallway,courtyard,walkway,staircase,stairwell,stairway,promenade,entryway,entranceway,
116126,celebration,celebration,commemorate,remembrance,commemoration,commemorating,merriment,festivity,,,
116087,fake,false,fake,misleading,fraudulent,bogus,phony,mislead,fraudulently,,
116249,largely,mostly,largely,primarily,mainly,partly,chiefly,,,,
116151,Cluster_116151,veil,scarf,burqa,headscarf,hijab,niqab,burka,,,
116528,Cluster_116528,sarrera,imperial_stride,ilovethiscity,acambo,finger_onthe_pulse,anak_pekan,tikram,monitor_closely,clowance,dunboyne_express
116547,Cluster_116547,colt,filly,mare,gelding,stallion,stayer,trotter,,,
116093,Cluster_116093,shampoo,lotion,deodorant,cleanser,moisturizing_lotion,,,,,
116077,assess,determine,assess,examine,suspend,reconsider,postpone,rescind,reassess,reexamine,
116085,Cluster_116085,penis,colon,genitals,uterus,bowel,vagina,intestine,esophagus,aorta,anus
116196,elementary,school,teacher,elementary,kindergarten,preschool,kindergartner,,,,
116110,chair,ceo,chairman,manager,founder,chair,chairwoman,coordinator,chairperson,councilwoman,
116112,city,city,mayor,councilman,mayoral,alderman,councilwoman,,,,
116069,scream,crying,screaming,yelling,shouted,shouting,yelled,chanting,shout,chanted,scream
116119,Cluster_116119,mhz,ghz,,,,,,,,
116081,mathematics,math,mathematics,maths,physics,algebra,,,,,
116125,Cluster_116125,pesticide,herbicide,insecticide,malathion,pyrethrin,clopyralid,,,,
116064,discourage,prevent,banned,prohibited,barred,banning,restrict,prohibit,deter,discourage,restriction
116061,Cluster_116061,ucla_darren_collison,marquette_jerel_mcneal,temple_lavoy_allen,baylor_tweety_carter,tennessee_melvin_goins,,,,,
116055,champion,tournament,championship,champion,seeded,semifinal,undefeated,invitational,champ,quarterfinal,tourney
116045,policeman,soldier,policeman,sergeant,lieutenant,colonel,battalion,infantry,squadron,medic,regiment
116052,burial,funeral,cemetery,burial,interment,entombment,rebury,committal,,,
116076,Cluster_116076,canada,canadian,toronto,ontario,vancouver,montreal,ottawa,quebec,calgary,alberta
116136,Cluster_116136,mantra,adage,maxim,credo,axiom,truism,dictum,aphorism,,
116078,Cluster_116078,adana,ünal,yakup,elazığ,turgay,akay,özel,çağlar,özen,olcay
116040,Cluster_116040,fiji,tonga,vanuatu,samoan,honiara,,,,,
116067,condemn,criticize,condemn,denounce,decry,scolding,scold,berate,chastise,castigate,chide
116022,concrete,furniture,flooring,concrete,plumbing,roofing,welding,cabinetry,drywall,drawer_pulls,knotty_pine
116034,Cluster_116034,boonah,castlecliff,marulan,bli_bli,tiaro,urana,tabulam,porangahau,mendooran,urbenville
116028,depict,portrayed,depicted,depicting,portraying,depict,,,,,
116039,aircraft,plane,aircraft,jet,aviation,airplane,airbus,aerospace,airliner,jetliner,
116053,Cluster_116053,avionics,jt8d,turboshaft_engines,b###ng,avionic_systems,stovl_propulsion_system,,,,
116192,junior,junior,freshman,sophomore,,,,,,,
116011,brown,smith,johnson,brown,williams,jones,davis,miller,taylor,wilson,anderson
116019,Cluster_116019,hoffman,friedman,stein,goldberg,kaufman,,,,,
116014,Cluster_116014,daulby,swanborough,deeprose,yarranton,neesam,poustie,,,,
116000,Cluster_116000,paul_aronsohn,richard_furstenau,dolores_bertolini,charles_jinright,pat_vulcano,peter_f._calci,mark_scappe,nancy_novelline_clayburgh,theresa_colaizzi,michael_buscetto_iii
116056,businessman,businessman,billionaire,tycoon,mogul,magnate,,,,,
116191,Cluster_116191,hum,clatter,whir,whirr,thrum,,,,,
116104,incorrect,intentionally,incorrect,wrongly,mistakenly,inadvertently,incorrectly,unintentionally,,,
116008,adequate,important,critical,necessary,crucial,essential,vital,sufficient,adequate,inadequate,
116009,Cluster_116009,noted,acknowledged,stressed,emphasized,asserted,,,,,
115998,Cluster_115998,nasa,shuttle,spacecraft,astronaut,orbiter,lander,jules_verne_atv,,,
116029,purchase,sold,sale,sell,selling,purchase,buying,bought,,,
116030,basket,basket,layup,jumper,pointer,dunk,footer,hoop,trey,floater,
115978,flawed,outdated,inefficient,obsolete,antiquated,archaic,outmoded,anachronistic,faulty,flawed,
115981,curved,curved,vertically,rectangular,horizontally,sloping,cylindrical,perpendicular,diagonally,concave,hexagonal
116201,Cluster_116201,nutritionist,dietitian,dietician,,,,,,,
115980,Cluster_115980,fueled,spurred,propelled,driven,,,,,,
116016,evoke,provoked,provoke,evoke,elicit,incite,arouse,,,,
115968,Cluster_115968,exterior,brickwork,stonework,fieldstone,gabled,,,,,
116139,holiday,christmas,holiday,festive,xmas,yuletide,,,,,
115977,Cluster_115977,shigeo,mikio,kazunori,numata,kogyo,yoneyama,keizo,kajiwara,fukada,junichiro
115966,Cluster_115966,meteorologist,meteorology,climatology,climatologist,,,,,,
115960,lecture,seminar,symposium,lecture,colloquium,lectureship,,,,,
115987,Cluster_115987,starving,starvation,malnutrition,malnourished,destitution,malnourishment,,,,
115986,Cluster_115986,feces,vomit,poop,droppings,excrement,faeces,,,,
115970,water,water,sewer,drainage,sewage,wastewater,sewerage,effluent,,,
115951,Cluster_115951,ardent,fanatic,fervent,fanatical,diehard,unabashed,aficionado,,,
116200,spokesman,spokesman,spokeswoman,spokesperson,,,,,,,
116063,recycle,recycling,landfill,recycle,recyclable,,,,,,
115974,Cluster_115974,craving,longing,yearning,longed,yearn,yearned,,,,
115916,Cluster_115916,doubling,quadruple,tripling,tenfold,threefold,fivefold,fourfold,quadrupling,sevenfold,sixfold
115929,divorce,married,marriage,wedding,divorce,marry,divorced,wed,unmarried,housewife,divorcee
115930,Cluster_115930,underperform,outperform,overweight,underweight,,,,,,
115917,Cluster_115917,mehdi_militia,baghdad_jadida,azimiyah,mehdi_militiamen,firebrand_shi'ite_cleric,,,,,
115969,Cluster_115969,midget,bantam,peewee,,,,,,,
115933,april,week,month,march,may,june,april,july,december,january,september
115920,firearm,weapons,gun,weapon,knife,firearm,rifle,handgun,shotgun,pistol,revolver
116283,april,april,september,november,july,january,december,october,february,feb,
116360,friday,friday,saturday,sunday,monday,wednesday,tuesday,thursday,,,
115941,beat,win,victory,beat,defeat,beating,defeated,rout,thrashing,thumping,drubbing
116527,Cluster_116527,tenth,eleventh,twelfth,thirteenth,fifteenth,fourteenth,seventeenth,eighteenth,nineteenth,
116580,fifth,second,third,fourth,fifth,sixth,seventh,eighth,ninth,,
115902,Cluster_115902,everest,annapurna,lhotse,makalu,dhaulagiri,icefall,gasherbrum,pumori,shishapangma,silvio_mondinelli
115895,prince,royal,queen,prince,monarchy,monarch,,,,,
115886,assertion,notion,suggestion,assertion,insinuation,supposition,,,,,
115919,Cluster_115919,wildcat,bulldog,cougar,raider,bearcat,jackrabbit,,,,
115908,bed,matriculation,bed,sslc_examination,supplementary_examinations,comed_k,,,,,
115887,solve,solve,resolved,solved,solving,solvable,,,,,
115888,Cluster_115888,shortened,shorten,shortening,lengthen,lengthened,,,,,
115878,eastern,southern,eastern,midwest,northeast,southeastern,,,,,
115881,inflation,inflation,unemployed,deflation,unemployment,inflationary,jobless,deflationary,stagflation,disinflation,
115952,newspaper,newspaper,times,herald,gazette,observer,,,,,
115870,Cluster_115870,hawaii,guam,honolulu,hawaiian,maui,oahu,aloha,kauai,waikiki,hilo
115861,embody,epitome,embody,embodiment,exemplify,epitomize,personification,,,,
116585,Cluster_116585,##.qd#,rb8,kh8,bg4,bc4,rd2,##.nb#,dxc4,#.c#,qb4
115860,bank,bank,debt,loan,mortgage,lending,lender,repayment,refinance,borrower,transferor
115963,Cluster_115963,heyday,twenties,sixties,seventies,eighties,fifties,nineties,thirties,forties,
115867,Cluster_115867,spayed,neuter,spay,neutering,spaying,neuter_clinics,,,,
115857,Cluster_115857,lake_elsinore_unified,burbank_unified,mpusd,kyrene_elementary_school,ceres_unified,harlandale_independent,,,,
115833,Cluster_115833,searching,scouring,combing,scoured,sifting,sift,combed,scour,,
115837,insurance,insurance,medicare,medicaid,insurer,uninsured,insured,reinsurance,policyholder,medical,
115841,bag,bag,wallet,luggage,backpack,suitcase,handbag,briefcase,rucksack,satchel,knapsack
115836,earthquake,earthquake,quake,temblor,aftershock,,,,,,
115825,Cluster_115825,hygiene,cleanliness,sanitary,hygienic,hygenic,,,,,
115818,landlord,lease,leased,tenant,landlord,renter,lessee,,,,
115819,walk,walk,walking,stroll,wander,scurry,trudge,meander,scoot,amble,saunter
115829,sit,sit,sitting,sat,seated,gathered,,,,,
115862,Cluster_115862,purple_heart_medal,achievement_medal,navy_achievement_medal,meritorious_service_medals,exceptionally_meritorious,meritorious_unit_citation,,,,
115800,concentrate,focus,spend,focused,focusing,concentrate,concentrated,devote,focussed,refocus,focussing
115811,magazine,magazine,publication,vogue,mag,glamour,harpers_bazaar,,,,
115797,deployment,installation,install,deployment,installing,,,,,,
115793,Cluster_115793,astrology,astrologer,pisces,horoscope,sagittarius,astrological,numerology,,,
115801,guide,guide,brochure,booklet,flier,handbook,pamphlet,leaflet,guidebook,checklist,workbook
115778,bush,obama,bush,reagan,roosevelt,truman,eisenhower,dubya,,,
115803,begin,begin,completed,finishing,completing,commence,,,,,
116600,Cluster_116600,col_-#.#,bbl_sd,bbl_sf,bbl_min,hky_col,hky_pit,,,,
115768,conceal,hidden,hide,hiding,concealed,disguise,conceal,concealing,,,
115766,negative,negative,favorable,unfavorable,favorably,negatively,,,,,
115759,Cluster_115759,ii,vii,viii,xii,xiii,xiv,xxi,xvii,xviii,xix
115762,april,may,march,june,april,oct,july,mar,nov,jan,december
115757,fifth,first,second,third,fourth,fifth,sixth,seventh,ninth,eighth,tenth
116633,Cluster_116633,dafna_linzer,scott_linesburgh,thomas_content,jarod_wells,adam_riley_jesusraz,greg_hardesty,karl_lyles_klyles@heraldonline.com,alan_choate,john_biggs,suzanne_vranica
116634,Cluster_116634,by_charles_sheehan,jimmy_golen,gregory_katz,kelly_p._kissel,david_rising,clare_trapasso,brett_zongker,frederic_j._frommer,jim_davenport,alex_kennedy
116632,Cluster_116632,greg_morcroft_marketwatch,by_pete_herrera,by_christina_rexrode,nick_spence_macworld.co.uk,russ_keen,paul_swiech,lebo_nkatazo,eva_marie_ayala,leslie_wolf_branscomb,andy_behrendt
116629,Cluster_116629,by_carl_campanile,james_kirkup_political,debra_mccown,by_erin_doss,by_tom_chard,by_molly_moorhead,michael_tidemann_staff,by_travis_souders,by_jerry_wofford,by_rob_shapard
116626,writer,lorraine_tinney,tim_donnelly,fred_tasker,walt_frank_wfrank@altoonamirror.com,by_paul_putignano,tomas_alex_tizon,ini_ekott,daniela_forte,della_hasselle,by_david_ubben
116624,writer,auto_racing_writer,dori_o'neal,sheri_mcwhirter,by_jeremy_dominick,by_matthias_gafni,shihoko_goto,kellee_nolan,craig_massei_sfi,joel_e._capundan,tw_farnam
116621,writer,by_kenneth_ofgang,by_josh_stockinger,rathi_manohar,alex_breitler,by_mitch_hotts,jody_callahan,rupert_steiner,ann_keeton,tribune_staff_writer,nina_mandell
116464,eight,some,two,many,about,three,four,several,five,six,nearly
116618,Cluster_116618,,,,,,,,,,
116616,Cluster_116616,,,,,,,,,,
116615,Cluster_116615,,,,,,,,,,
116613,Cluster_116613,,,,,,,,,,
116611,Cluster_116611,,,,,,,,,,
116609,Cluster_116609,,,,,,,,,,
116607,Cluster_116607,,,,,,,,,,
116605,Cluster_116605,,,,,,,,,,
116603,Cluster_116603,,,,,,,,,,
116602,Cluster_116602,,,,,,,,,,
116598,Cluster_116598,,,,,,,,,,
116597,Cluster_116597,,,,,,,,,,
116592,Cluster_116592,,,,,,,,,,
116589,allege,allege,frustrates,urges_caution,woman_rescued,file_suit_against,kidnapping_case,who_escaped,couple_sues,protests_planned,wreck_kills
116590,Cluster_116590,,,,,,,,,,
116588,Cluster_116588,,,,,,,,,,
116587,Cluster_116587,,,,,,,,,,
116579,Cluster_116579,,,,,,,,,,
116471,guitar,singer,musician,piano,flute,soprano,banjo,drummer,trumpeter,mandolin,percussionist
116578,Cluster_116578,,,,,,,,,,
116577,Cluster_116577,,,,,,,,,,
116574,Cluster_116574,,,,,,,,,,
116568,Cluster_116568,,,,,,,,,,
116569,Cluster_116569,pesto,ravioli,polenta,ricotta,gnocchi,aioli,mascarpone,basil,parsley,rosemary
116564,Cluster_116564,,,,,,,,,,
116562,Cluster_116562,crème_anglaise,cauliflower_soup,potato_salad_baked_beans,baked_beans_cole_slaw,beans_cornbread,chili_cornbread,homemade_cakes,vinaigrette,sauteed,barbecued
116559,Cluster_116559,,,,,,,,,,
116530,delicious,delicious,tasty,creamy,flavorful,cauliflower,tangy,vinaigrette,coriander,dill,chives
116374,Cluster_116374,russia,iraqi,russian,baghdad,turkish,poland,swedish,serbia,austria,kurdish
116553,Cluster_116553,,,,,,,,,,
116552,Cluster_116552,,,,,,,,,,
116545,Cluster_116545,,,,,,,,,,
116401,mark,james,scott,daniel,ben,adam,ron,don,elizabeth,jonathan,todd
116541,Cluster_116541,,,,,,,,,,
116520,extremely,pretty,ridiculously,elegantly,absurdly,exquisitely,artfully,beautifully,brilliantly,wonderfully,amazingly
116539,Cluster_116539,,,,,,,,,,
116531,Cluster_116531,,,,,,,,,,
116536,Cluster_116536,bangalore,mysore,mumbai,chennai,hyderabad,kolkata,lucknow,,,
116478,Cluster_116478,linebacker,fullback,tailback,flanker,lachlan_mackay,mickey_higham,matt_carraro,colm_rigney,scott_mathie,rob_higgitt
116437,Cluster_116437,afghan,delhi,islamabad,kabul,punjab,karachi,lahore,dhaka,peshawar,manipur
116529,Cluster_116529,,,,,,,,,,
116433,Cluster_116433,guillem_bauza,bedlington_terriers,matty_pattison,eric_odhiambo,witchford,nikos_dabizas,fleetwood_hesketh,brora_rangers,topcroft,coolly_slot
116522,Cluster_116522,,,,,,,,,,
115953,fifth,first,sixteenth,twentieth,fiftieth,tenth,eleventh,twelfth,thirteenth,fifteenth,fourteenth
116510,Cluster_116510,moscow,jakarta,beijing,tokyo,singapore,sydney,melbourne,london,paris,berlin
116519,Cluster_116519,,,,,,,,,,
116082,horse,horse,jockey,stakes,furlong,ascot,thoroughbred,sire,foal,pacer,yearling
116509,Cluster_116509,,,,,,,,,,
116488,Cluster_116488,washington,boston,houston,seattle,columbia,portsmouth,durham,providence,harrisburg,salisbury
116474,Cluster_116474,sana,sina,bata,pyaar,sushant_singh,saira_banu,pavitra,sayali_bhagat,kalpana_lajmi,jyotika
116483,assist,ricky_philatre,torland_katie_##:##_rebound,bailey_corey,p#t##_##:##_turnovr,kristi_brummel_##:##,davis_kaleia,dale_jasmine,hannah_rashawn,jovon_mosley,geriot_dan
116427,Cluster_116427,kenya,nigerian,johannesburg,sudanese,cameroon,malawi,pretoria,mozambique,accra,tunisian
116480,amazing,really,huge,remarkable,considerable,exceptionally,gorgeous,astonishing,dazzling,delightful,breathtaking
116493,Cluster_116493,seoul,cairo,shanghai,bangkok,brisbane,almaty,yerevan,moscow,jakarta,beijing
116504,Cluster_116504,,,,,,,,,,
116332,anger,anxiety,hatred,hated,hostility,resentment,disbelief,dislike,disgust,dismay,distrust
116502,Cluster_116502,3x_optical_zoom_lens,ex_s###,megapixel_ccd,dsc_w###,canon_zr###,x_optical_zoom,4x_optical_zoom,olympus_evolt_e,hx9v,hdmi_connectors
116501,Cluster_116501,,,,,,,,,,
116494,Cluster_116494,,,,,,,,,,
116405,absurd,surprising,awful,shocking,disturbing,silly,dismal,troubling,horrific,lackluster,frightening
116434,Cluster_116434,lille,volkan_demirel,milevskiy,mehmet_aurelio,igor_semshov,lichtsteiner,filipe_luis,striker_nuno_gomes,erik_huseklepp,fc_lorient
116490,Cluster_116490,,,,,,,,,,
116486,Cluster_116486,jerusalem,rome,madrid,australian,sydney,melbourne,queensland,nsw,brisbane,perth
116481,Cluster_116481,,,,,,,,,,
116426,Cluster_116426,andrew_keister,andy_wicke,devin_sweetney,claude_britten,ivan_almonte,brad_loesing,vladimir_kuljanin,sharika_webb,david_ndoumba,yalonda_mccormick
116485,Cluster_116485,jerusalem,rome,madrid,australian,sydney,melbourne,queensland,nsw,brisbane,perth
116451,Cluster_116451,pittsfield,sacramento,manila,brattleboro,petersburg,gainesville,stockton,jeddah,asheville,canton
116479,Cluster_116479,,,,,,,,,,
116476,Cluster_116476,,,,,,,,,,
116473,Cluster_116473,,,,,,,,,,
116469,Cluster_116469,daw,firdous_ahmad,hrithik_roshan_aishwarya_rai,nauheed,sana,sina,bata,pyaar,sushant_singh,saira_banu
116467,Cluster_116467,,,,,,,,,,
116459,Cluster_116459,,,,,,,,,,
116465,Cluster_116465,sameer_karnik,daw,firdous_ahmad,hrithik_roshan_aishwarya_rai,nauheed,sana,sina,bata,pyaar,sushant_singh
116462,artist,artist,painter,sculptor,watercolor,printmaker,watercolorist,ceramicist,singer,musician,piano
116445,Cluster_116445,ulsoor,bhadravati,keshab,praveena,gowramma,panjagutta,dreaded_gangster,panbazar,hira_lal,kavyanjali
116457,Cluster_116457,,,,,,,,,,
116456,Cluster_116456,,,,,,,,,,
116444,Cluster_116444,,,,,,,,,,
116421,artist,song,jazz,percussion,philharmonic,soulful,lyric,baritone,jazzy,lyrically,musicality
116452,Cluster_116452,greenville,fayetteville,greensboro,lubbock,asheville,waco,amarillo,abilene,lynchburg,texarkana
116449,Cluster_116449,newark,kampala,pittsfield,sacramento,manila,brattleboro,petersburg,gainesville,stockton,jeddah
116296,Cluster_116296,ruben_bemelmans,valerie_tetreault,alexander_grischuk,paes_dlouhy,ai_fukuhara,berankis,alex_bogomolov,compatriot_feliciano_lopez,bastad_sweden,burgsmuller
116408,Cluster_116408,australia,iowa,oklahoma,tennessee,missouri,kansas,arkansas,nebraska,auckland,philippine
116420,Cluster_116420,yemeni,hizbollah,saudi,jordanian,kuwaiti,qatari,bahraini,omani,israeli,palestinian
116425,Cluster_116425,babu,si,aditya,rainawari,ahana,ameerpet,simdega,basavaraju,nimai,vivek_vihar
116441,Cluster_116441,,,,,,,,,,
116439,Cluster_116439,,,,,,,,,,
116436,Cluster_116436,,,,,,,,,,
116432,Cluster_116432,,,,,,,,,,
116388,Cluster_116388,motherwell,ketton,midfielder_dietmar_hamann,vladimir_stojkovic,chaddesden,jose_burciaga_jr.,murape,defender_danny_shittu,gobern,north_mymms
116428,Cluster_116428,,,,,,,,,,
116233,punk,abyss,clothesline,swagger,viscera,rhett_titus,tag_team_championship,mexicools,snme,showmiz,ecw_superstar
116424,Cluster_116424,,,,,,,,,,
116423,Cluster_116423,,,,,,,,,,
116422,Cluster_116422,,,,,,,,,,
116418,Cluster_116418,,,,,,,,,,
116409,Cluster_116409,egyptian,jinja,yemen,yemeni,hizbollah,saudi,jordanian,kuwaiti,qatari,bahraini
116416,Cluster_116416,,,,,,,,,,
116415,Cluster_116415,,,,,,,,,,
116414,Cluster_116414,,,,,,,,,,
116413,Cluster_116413,,,,,,,,,,
116410,Cluster_116410,,,,,,,,,,
116407,Cluster_116407,,,,,,,,,,
116406,Cluster_116406,,,,,,,,,,
116403,Cluster_116403,,,,,,,,,,
116402,Cluster_116402,,,,,,,,,,
116400,Cluster_116400,,,,,,,,,,
116398,Cluster_116398,,,,,,,,,,
116397,Cluster_116397,,,,,,,,,,
116337,Cluster_116337,rich_barcelo,roger_tambellini,per_ulrik_johansson,bradley_iles,oscar_floren,japan_toru_taniguchi,travis_toyama,danny_sahl,wisut_artjanawat,marisa_milligan
116392,Cluster_116392,,,,,,,,,,
116389,Cluster_116389,,,,,,,,,,
116384,Cluster_116384,,,,,,,,,,
116381,Cluster_116381,,,,,,,,,,
116261,biology,physician,surgeon,psychologist,oncology,biology,cardiology,neurology,biochemistry,psychiatry,midwife
116379,Cluster_116379,,,,,,,,,,
116377,Cluster_116377,,,,,,,,,,
116372,Cluster_116372,,,,,,,,,,
116340,wine,grape,beaujolais,vintner,chianti,côte_rôtie,sagrantino,whiskey,vodka,brandy,liqueur
116371,Cluster_116371,,,,,,,,,,
116367,Cluster_116367,,,,,,,,,,
116369,extremist,terrorist,islamic,islamist,extremist,extremism,jihadist,jihadi,let,lashkar,huji
116193,eight,many,more,both,most,other,handful,thousands,countless,eleven,various
116364,Cluster_116364,,,,,,,,,,
116363,Cluster_116363,,,,,,,,,,
116362,Cluster_116362,,,,,,,,,,
116361,Cluster_116361,,,,,,,,,,
116354,Cluster_116354,,,,,,,,,,
116300,capitalism,islam,militant,oppression,jihad,imperialism,fascism,colonialism,imperialist,mujahideen,rightwing
116348,Cluster_116348,,,,,,,,,,
116350,angry,incredulous,outraged,surprised,worried,angry,shocked,frustrated,scared,confused,stunned
116322,angry,happy,willingness,frightened,startled,irate,unimpressed,exasperated,befuddled,pleased,excited
116345,Cluster_116345,,,,,,,,,,
116343,Cluster_116343,,,,,,,,,,
116341,Cluster_116341,,,,,,,,,,
116338,Cluster_116338,,,,,,,,,,
116336,Cluster_116336,,,,,,,,,,
116334,Cluster_116334,,,,,,,,,,
116331,Cluster_116331,,,,,,,,,,
116327,Cluster_116327,,,,,,,,,,
116321,Cluster_116321,sarah,davis,james,david,england,michael,paul,george,johnson,jackson
116326,Cluster_116326,,,,,,,,,,
116319,Cluster_116319,,,,,,,,,,
116316,Cluster_116316,,,,,,,,,,
116273,bicycle,bike,moped,motorcycle,bicycle,scooter,motorbike,skateboard,ski,skiing,skier
116315,Cluster_116315,,,,,,,,,,
116314,Cluster_116314,,,,,,,,,,
116309,Cluster_116309,,,,,,,,,,
116258,anger,disdain,mistrust,adored,scorn,detest,contretemps,battle,dispute,showdown,brawl
116306,Cluster_116306,,,,,,,,,,
116305,Cluster_116305,,,,,,,,,,
116303,Cluster_116303,,,,,,,,,,
116299,Cluster_116299,,,,,,,,,,
116229,Cluster_116229,inning,heavyweight,infielder,robbie_peden,heavyweight_champ,wba_heavyweight_champion,super_middleweight_crown,zolani_marali,wbc_super_bantamweight,ray_narh
116284,capitalism,terror,liberal,hinduism,fascism,despotism,conservatism,hasidic,mujahidin,islam,militant
116297,Cluster_116297,,,,,,,,,,
116295,Cluster_116295,,,,,,,,,,
116293,Cluster_116293,,,,,,,,,,
116282,Cluster_116282,,,,,,,,,,
116096,destroy,damaged,destroy,renovation,destroying,stimulate,ignite,revitalization,ruining,resurrect,razed
116221,Cluster_116221,taiwanese,chow,ming,soh,jianfei,yonglin,zhonghai,china,chinese,beijing
116280,Cluster_116280,,,,,,,,,,
116178,clothes,wearing,pants,shoe,jacket,clothing,sweatshirt,blazer,underpants,bodice,lacy
116274,Cluster_116274,,,,,,,,,,
116277,capitalism,god,bible,biblical,theology,theological,scripture,psalms,scriptural,deuteronomy,galatians
116246,Cluster_116246,claimant,petitioner,appellant,defendant,plaintiff,respondent,petitioner_counsel,defendant_asserts,justice_vijender_jain,justice_ss_nijjar
116272,Cluster_116272,,,,,,,,,,
116270,Cluster_116270,,,,,,,,,,
116269,Cluster_116269,,,,,,,,,,
116267,Cluster_116267,,,,,,,,,,
116262,Cluster_116262,,,,,,,,,,
116238,bird,pheasant,antelope,bird,squirrel,waterfowl,robin,wigeons,red_tailed_hawks,white_breasted_nuthatch,deer
116257,Cluster_116257,,,,,,,,,,
116254,Cluster_116254,,,,,,,,,,
116184,creature,shark,creature,turtle,alligator,angler,seafood,crocodile,clams,flounder,shrimp
116253,Cluster_116253,,,,,,,,,,
116252,Cluster_116252,,,,,,,,,,
116250,Cluster_116250,,,,,,,,,,
116251,Cluster_116251,mexican,argentina,brazilian,venezuela,portugal,colombia,chile,peru,venezuelan,argentine
116247,Cluster_116247,,,,,,,,,,
116244,Cluster_116244,,,,,,,,,,
116243,Cluster_116243,,,,,,,,,,
116242,Cluster_116242,,,,,,,,,,
116239,Cluster_116239,,,,,,,,,,
116236,Cluster_116236,,,,,,,,,,
116235,Cluster_116235,,,,,,,,,,
116232,Cluster_116232,,,,,,,,,,
116230,Cluster_116230,,,,,,,,,,
116228,Cluster_116228,,,,,,,,,,
116186,punk,boxing,delirious,lefthander,thompson_boxing_promotions,joachim_alcine,shoxc,meza_clay,ko1,renan_barao,bronco_buster
116227,Cluster_116227,,,,,,,,,,
116225,Cluster_116225,,,,,,,,,,
116224,Cluster_116224,,,,,,,,,,
115985,april,june,sept,april,september,november,july,january,december,october,february
116222,Cluster_116222,,,,,,,,,,
116220,Cluster_116220,,,,,,,,,,
116219,Cluster_116219,,,,,,,,,,
116217,Cluster_116217,,,,,,,,,,
116210,Cluster_116210,,,,,,,,,,
116209,Cluster_116209,yap,xian,hee,jong,eui,jeong,kim_myung,gyun,ji_hoon,kim_heung
116208,Cluster_116208,,,,,,,,,,
116206,Cluster_116206,,,,,,,,,,
116205,Cluster_116205,,,,,,,,,,
116203,Cluster_116203,,,,,,,,,,
116202,Cluster_116202,,,,,,,,,,
116199,Cluster_116199,,,,,,,,,,
116195,Cluster_116195,,,,,,,,,,
116189,Cluster_116189,,,,,,,,,,
116187,Cluster_116187,,,,,,,,,,
116181,Cluster_116181,,,,,,,,,,
116180,Cluster_116180,,,,,,,,,,
116179,Cluster_116179,,,,,,,,,,
116174,Cluster_116174,,,,,,,,,,
116161,clothes,slacks,greyish,citrine,bangle_bracelet,romona_keveza,daywear,brown,reddish,yellowish,greenish
116172,Cluster_116172,,,,,,,,,,
116170,Cluster_116170,,,,,,,,,,
116169,Cluster_116169,,,,,,,,,,
116165,Cluster_116165,,,,,,,,,,
116124,infamous,infamous,spirit_tracks,overlord_raising_hell,telltale,namco_arcade,kessen_iii,anime,manga,shojo,fruits_basket
116164,Cluster_116164,,,,,,,,,,
116162,Cluster_116162,,,,,,,,,,
116158,Cluster_116158,,,,,,,,,,
116111,boat,ship,kayak,wetland,marsh,tributary,tugboat,breakwater,ketch,military,boat
116156,Cluster_116156,,,,,,,,,,
116155,Cluster_116155,,,,,,,,,,
116154,Cluster_116154,,,,,,,,,,
116153,Cluster_116153,,,,,,,,,,
116152,Cluster_116152,,,,,,,,,,
116149,Cluster_116149,,,,,,,,,,
116146,Cluster_116146,,,,,,,,,,
116144,Cluster_116144,,,,,,,,,,
116143,Cluster_116143,,,,,,,,,,
116140,Cluster_116140,,,,,,,,,,
116135,Cluster_116135,,,,,,,,,,
116133,Cluster_116133,,,,,,,,,,
116131,Cluster_116131,,,,,,,,,,
116130,Cluster_116130,,,,,,,,,,
116128,Cluster_116128,,,,,,,,,,
116123,Cluster_116123,,,,,,,,,,
116122,Cluster_116122,,,,,,,,,,
116121,Cluster_116121,,,,,,,,,,
116120,Cluster_116120,,,,,,,,,,
116118,Cluster_116118,,,,,,,,,,
116115,Cluster_116115,,,,,,,,,,
116114,Cluster_116114,,,,,,,,,,
116107,Cluster_116107,,,,,,,,,,
116083,chair,director,founded,ceo,chairman,manager,founder,chair,chairwoman,coordinator,chairperson
116108,mechanic,mechanic,electrician,carpenter,welder,craftsman,machinist,roofer,woodworker,plasterer,quilt
116105,Cluster_116105,,,,,,,,,,
116103,Cluster_116103,,,,,,,,,,
116102,Cluster_116102,,,,,,,,,,
116101,Cluster_116101,,,,,,,,,,
116098,Cluster_116098,,,,,,,,,,
116097,Cluster_116097,,,,,,,,,,
116095,Cluster_116095,,,,,,,,,,
116092,Cluster_116092,,,,,,,,,,
116090,Cluster_116090,,,,,,,,,,
116089,Cluster_116089,,,,,,,,,,
116086,Cluster_116086,,,,,,,,,,
116084,Cluster_116084,,,,,,,,,,
116080,Cluster_116080,,,,,,,,,,
116079,Cluster_116079,,,,,,,,,,
116075,Cluster_116075,,,,,,,,,,
116074,Cluster_116074,,,,,,,,,,
116073,Cluster_116073,,,,,,,,,,
116072,Cluster_116072,,,,,,,,,,
116070,Cluster_116070,,,,,,,,,,
116068,Cluster_116068,,,,,,,,,,
116066,Cluster_116066,,,,,,,,,,
116062,Cluster_116062,,,,,,,,,,
116060,Cluster_116060,,,,,,,,,,
116059,Cluster_116059,,,,,,,,,,
116058,Cluster_116058,,,,,,,,,,
116057,Cluster_116057,,,,,,,,,,
116054,Cluster_116054,,,,,,,,,,
116051,Cluster_116051,,,,,,,,,,
116049,Cluster_116049,,,,,,,,,,
116047,Cluster_116047,,,,,,,,,,
116044,Cluster_116044,,,,,,,,,,
116043,Cluster_116043,,,,,,,,,,
116042,Cluster_116042,,,,,,,,,,
116038,Cluster_116038,,,,,,,,,,
116013,aircraft,airfield,airframe,empennage,crows_ii,plane,aircraft,jet,aviation,airplane,airbus
116037,Cluster_116037,,,,,,,,,,
116036,Cluster_116036,,,,,,,,,,
116033,Cluster_116033,,,,,,,,,,
116031,Cluster_116031,,,,,,,,,,
116027,Cluster_116027,,,,,,,,,,
116025,Cluster_116025,,,,,,,,,,
116024,Cluster_116024,,,,,,,,,,
116023,Cluster_116023,,,,,,,,,,
116021,Cluster_116021,,,,,,,,,,
116018,Cluster_116018,,,,,,,,,,
116017,Cluster_116017,,,,,,,,,,
116015,Cluster_116015,,,,,,,,,,
116012,Cluster_116012,,,,,,,,,,
116007,Cluster_116007,,,,,,,,,,
116010,brown,smith,johnson,brown,williams,jones,davis,miller,taylor,wilson,anderson
116006,Cluster_116006,,,,,,,,,,
116004,Cluster_116004,,,,,,,,,,
116003,Cluster_116003,,,,,,,,,,
116001,Cluster_116001,,,,,,,,,,
115999,Cluster_115999,,,,,,,,,,
115997,Cluster_115997,,,,,,,,,,
115996,Cluster_115996,,,,,,,,,,
115995,Cluster_115995,,,,,,,,,,
115993,Cluster_115993,,,,,,,,,,
115992,Cluster_115992,,,,,,,,,,
115991,Cluster_115991,,,,,,,,,,
115989,Cluster_115989,,,,,,,,,,
115988,Cluster_115988,,,,,,,,,,
115984,Cluster_115984,,,,,,,,,,
115983,Cluster_115983,,,,,,,,,,
115979,Cluster_115979,,,,,,,,,,
115976,Cluster_115976,,,,,,,,,,
115975,Cluster_115975,,,,,,,,,,
115972,Cluster_115972,,,,,,,,,,
115973,evoke,fueled,spurred,propelled,driven,provoked,provoke,evoke,elicit,incite,arouse
115971,Cluster_115971,,,,,,,,,,
115967,Cluster_115967,,,,,,,,,,
115965,Cluster_115965,,,,,,,,,,
115962,Cluster_115962,,,,,,,,,,
115959,Cluster_115959,,,,,,,,,,
115958,Cluster_115958,,,,,,,,,,
115957,Cluster_115957,,,,,,,,,,
115956,Cluster_115956,,,,,,,,,,
115955,Cluster_115955,,,,,,,,,,
115950,Cluster_115950,,,,,,,,,,
115948,Cluster_115948,,,,,,,,,,
115946,Cluster_115946,,,,,,,,,,
115944,Cluster_115944,,,,,,,,,,
115942,Cluster_115942,,,,,,,,,,
115940,Cluster_115940,,,,,,,,,,
115939,Cluster_115939,,,,,,,,,,
115938,Cluster_115938,,,,,,,,,,
115937,Cluster_115937,,,,,,,,,,
115935,Cluster_115935,,,,,,,,,,
115932,Cluster_115932,,,,,,,,,,
115928,Cluster_115928,,,,,,,,,,
115926,Cluster_115926,,,,,,,,,,
115925,Cluster_115925,,,,,,,,,,
115924,Cluster_115924,,,,,,,,,,
115922,Cluster_115922,,,,,,,,,,
115918,Cluster_115918,,,,,,,,,,
115915,Cluster_115915,,,,,,,,,,
115914,Cluster_115914,,,,,,,,,,
115912,Cluster_115912,,,,,,,,,,
115911,Cluster_115911,,,,,,,,,,
115910,Cluster_115910,,,,,,,,,,
115907,Cluster_115907,,,,,,,,,,
115906,Cluster_115906,,,,,,,,,,
115905,Cluster_115905,,,,,,,,,,
115904,Cluster_115904,,,,,,,,,,
115901,Cluster_115901,,,,,,,,,,
115900,Cluster_115900,,,,,,,,,,
115899,Cluster_115899,,,,,,,,,,
115898,Cluster_115898,,,,,,,,,,
115897,Cluster_115897,,,,,,,,,,
115894,Cluster_115894,,,,,,,,,,
115892,Cluster_115892,,,,,,,,,,
115891,Cluster_115891,,,,,,,,,,
115889,Cluster_115889,,,,,,,,,,
115885,Cluster_115885,,,,,,,,,,
115884,Cluster_115884,,,,,,,,,,
115883,Cluster_115883,,,,,,,,,,
115880,Cluster_115880,,,,,,,,,,
115877,Cluster_115877,,,,,,,,,,
115875,Cluster_115875,,,,,,,,,,
115874,Cluster_115874,,,,,,,,,,
115872,Cluster_115872,,,,,,,,,,
115871,Cluster_115871,,,,,,,,,,
115869,Cluster_115869,,,,,,,,,,
115868,Cluster_115868,,,,,,,,,,
115866,Cluster_115866,,,,,,,,,,
115865,Cluster_115865,,,,,,,,,,
115864,Cluster_115864,,,,,,,,,,
115859,Cluster_115859,,,,,,,,,,
115856,Cluster_115856,,,,,,,,,,
115854,Cluster_115854,,,,,,,,,,
115852,Cluster_115852,,,,,,,,,,
115851,Cluster_115851,,,,,,,,,,
115850,Cluster_115850,,,,,,,,,,
115848,Cluster_115848,,,,,,,,,,
115847,Cluster_115847,,,,,,,,,,
115846,Cluster_115846,,,,,,,,,,
115844,Cluster_115844,,,,,,,,,,
115843,Cluster_115843,,,,,,,,,,
115840,Cluster_115840,,,,,,,,,,
115839,Cluster_115839,,,,,,,,,,
115835,Cluster_115835,,,,,,,,,,
115832,Cluster_115832,,,,,,,,,,
115831,Cluster_115831,,,,,,,,,,
115830,Cluster_115830,,,,,,,,,,
115828,Cluster_115828,,,,,,,,,,
115826,Cluster_115826,,,,,,,,,,
115824,Cluster_115824,,,,,,,,,,
115822,Cluster_115822,,,,,,,,,,
115821,Cluster_115821,,,,,,,,,,
115817,Cluster_115817,,,,,,,,,,
115815,Cluster_115815,,,,,,,,,,
115813,Cluster_115813,,,,,,,,,,
115810,Cluster_115810,,,,,,,,,,
115808,Cluster_115808,,,,,,,,,,
115807,Cluster_115807,,,,,,,,,,
115805,Cluster_115805,,,,,,,,,,
115804,Cluster_115804,,,,,,,,,,
115802,Cluster_115802,,,,,,,,,,
115799,Cluster_115799,,,,,,,,,,
115798,Cluster_115798,,,,,,,,,,
115796,Cluster_115796,,,,,,,,,,
115795,Cluster_115795,,,,,,,,,,
115792,Cluster_115792,,,,,,,,,,
115791,Cluster_115791,,,,,,,,,,
115789,Cluster_115789,,,,,,,,,,
115787,Cluster_115787,,,,,,,,,,
115785,Cluster_115785,,,,,,,,,,
115784,Cluster_115784,,,,,,,,,,
115782,Cluster_115782,,,,,,,,,,
115780,Cluster_115780,,,,,,,,,,
115777,Cluster_115777,,,,,,,,,,
115776,Cluster_115776,,,,,,,,,,
115775,Cluster_115775,,,,,,,,,,
115773,Cluster_115773,,,,,,,,,,
115772,Cluster_115772,,,,,,,,,,
115770,Cluster_115770,,,,,,,,,,
115767,Cluster_115767,,,,,,,,,,
115765,Cluster_115765,,,,,,,,,,
115764,Cluster_115764,,,,,,,,,,
115761,Cluster_115761,,,,,,,,,,
115758,Cluster_115758,,,,,,,,,,
115756,Cluster_115756,,,,,,,,,,
115755,Cluster_115755,,,,,,,,,,
115754,Cluster_115754,,,,,,,,,,
